"AmbContextCode","DescriptionRuleCode","Name","ApplicationShortName","CreatedBy","CreationDate","Description","DescriptionRuleTypeCode","EnabledFlag","LastUpdateDate","LastUpdateLogin","LastUpdatedBy","TransactionCoaStrInsCode"
"DEFAULT","COMM_COMMISSION_LINE","Commercial Commission Line","FAH_INSURANCE","FIN_IMPL","2014/02/04 21:01:58.0","Commercial Commission Line","C","Y","2014/02/04 21:03:04.156","F1951E89E7FF126EE0436204548C65CF","FIN_IMPL",""
"DEFAULT","COMM_PREMIUM_HEADER","Commercial Prem Header","FAH_INSURANCE","FIN_IMPL","2014/02/04 21:03:41.061","Commercial Prem Header","C","Y","2014/02/04 21:04:13.636","F1951E89E7FF126EE0436204548C65CF","FIN_IMPL",""
"DEFAULT","COMM_PREM_LINE","Commercial Prem Line","FAH_INSURANCE","FIN_IMPL","2014/02/04 21:04:37.069","Commercial Premium Line","C","Y","2014/02/04 21:05:59.807","F1951E89E7FF126EE0436204548C65CF","FIN_IMPL",""
"DEFAULT","DRAUTOINSPOLICYISS","DR Auto Insurance Policy Issued ","FAH_INSURANCE","FIN_IMPL","2014/02/04 21:06:25.035","DR Auto Insurance Policy Issued ","C","Y","2014/02/04 21:06:58.012","F1951E89E7FF126EE0436204548C65CF","FIN_IMPL",""
"DEFAULT","DRLIFEINSPOLICYISS","DR Life Insurance Policy Issued","FAH_INSURANCE","FIN_IMPL","2014/02/04 21:07:30.254","DR Life Insurance Policy Issued","C","Y","2014/02/04 21:08:29.943","F1951E89E7FF126EE0436204548C65CF","FIN_IMPL",""
"DEFAULT","CRAUTOINSPOLICYISSUE","CR Auto Insurance Policy Issued ","FAH_INSURANCE","FIN_IMPL","2014/02/04 21:12:48.529","CR Auto Insurance Policy Issued ","C","Y","2014/02/04 21:13:27.98","F1951E89E7FF126EE0436204548C65CF","FIN_IMPL",""
"DEFAULT","CRLIFEINSPOLICYISSUE","CR Life Insurance Policy Issued","FAH_INSURANCE","FIN_IMPL","2014/02/04 21:13:39.382","CR Life Insurance Policy Issued","C","Y","2014/02/04 21:14:09.519","F1951E89E7FF126EE0436204548C65CF","FIN_IMPL",""
"DEFAULT","INSURANCE_HEADER","Insurance Header","AHC_INSURANCE","FIN_IMPL","2018/03/06 06:28:50.0","Insurance Header","C","Y","2018/03/06 06:37:50.959","66B8A4FCD0219AA4E053E9A7FD0A5DFE","FIN_IMPL",""
"DEFAULT","AUTOCLAIMPAID","Auto Claim Paid","FAH_INSURANCE","FIN_IMPL","2014/02/04 21:09:05.061","Auto Claim Paid","C","Y","2014/02/04 21:09:41.559","F1951E89E7FF126EE0436204548C65CF","FIN_IMPL",""
"DEFAULT","AUTOCLAIMREPORTED","Auto Claim Reported","FAH_INSURANCE","FIN_IMPL","2014/02/04 21:09:59.526","Auto Claim Reported","C","Y","2014/02/04 21:10:48.72","F1951E89E7FF126EE0436204548C65CF","FIN_IMPL",""
"DEFAULT","TRANSACTION_HEADER","Billing System Header","FAH_BILLING","FIN_IMPL","2014/02/17 18:37:48.786","Billing System Header","C","Y","2014/02/17 18:41:19.405","F29DFF1DD33372D1E0436204548C72A0","FIN_IMPL",""
"DEFAULT","TRANSACTION_LINE","Billing System Line","FAH_BILLING","FIN_IMPL","2014/02/17 18:44:36.071","Billing System Line","C","Y","2014/02/17 18:53:58.814","F29DFF1DD33372D1E0436204548C72A0","FIN_IMPL",""
"DEFAULT","TRANS_REVENUE_ADJ_IFRS","Billing Revenue Adjustment IFRS","FAH_BILLING","FIN_IMPL","2014/02/17 18:36:33.0","Billing Revenue Adjustment IFRS","C","Y","2014/02/17 18:37:32.411","F29DFF1DD33372D1E0436204548C72A0","FIN_IMPL",""
"DEFAULT","AUTOCOMMISSIONPAID","Auto Commission Paid","FAH_INSURANCE","FIN_IMPL","2014/02/04 21:10:52.948","Auto Commission Paid","C","Y","2014/02/04 21:11:35.83","F1951E89E7FF126EE0436204548C65CF","FIN_IMPL",""
"DEFAULT","AUTOINSPOLICYPAY","Auto Insurance Policy Payment","FAH_INSURANCE","FIN_IMPL","2014/02/04 21:11:54.168","Auto Insurance Policy Payment","C","Y","2014/02/04 21:12:31.143","F1951E89E7FF126EE0436204548C65CF","FIN_IMPL",""
"DEFAULT","IFRS_TRANSACTION_LINE","Billing System Line IFRS","FAH_BILLING","FIN_IMPL","2014/02/17 18:54:18.749","Billing System Line IFRS","C","Y","2014/02/17 18:56:59.224","F29DFF1DD33372D1E0436204548C72A0","FIN_IMPL",""
"DEFAULT","IFRS_TRANSACTION_HEADER","Billing System Header IFRS","FAH_BILLING","FIN_IMPL","2014/02/17 18:42:43.992","Billing System Header IFRS","C","Y","2014/02/17 18:44:17.163","F29DFF1DD33372D1E0436204548C72A0","FIN_IMPL",""
"DEFAULT","INSU_LINE_EP_MPA","Insurance Line EP MPA","AHC_INSURANCE","FIN_IMPL","2018/03/06 06:39:31.81","Line description for multi period accounting transactions
for Earned Premium","C","Y","2018/03/06 06:40:36.051","66B8A4FCD0219AA4E053E9A7FD0A5DFE","FIN_IMPL",""
"DEFAULT","AHC_HEADER_DESC","Loan Header description","AHC_LOAN","FIN_IMPL","2017/11/01 22:04:25.0","","C","Y","2017/11/01 22:08:51.288","5CF3905B80BD17DBE0538DADFD0ABCE2","FIN_IMPL",""
"DEFAULT","AHC_CASH_LINE_INFO","Loan Cash line information","AHC_LOAN","FIN_IMPL","2017/11/01 22:09:41.526","","C","Y","2017/11/01 22:10:35.028","5CF41EAF5B3E625FE0538DADFD0A913E","FIN_IMPL",""
"DEFAULT","AHC_LINE_INFO","Loan Line Information","AHC_LOAN","FIN_IMPL","2017/11/01 22:08:51.924","","C","Y","2017/11/01 22:09:41.262","5CF41F5966FD67CCE0538DADFD0AC73F","FIN_IMPL",""
"DEFAULT","BILLING_HEADER_DESC","Billing Header description","AHC_BILLING","FIN_IMPL","2017/12/28 08:32:02.0","Billing Header description","C","Y","2017/12/28 08:58:11.079","615CA35573826868E0536AA0FD0A112A","FIN_IMPL",""
"DEFAULT","BILLING_LINE_DESC","Billing Line Description","AHC_BILLING","FIN_IMPL","2017/12/28 08:58:11.626","Billing Line Description","C","Y","2017/12/28 08:59:23.661","615CA35573826868E0536AA0FD0A112A","FIN_IMPL",""
"DEFAULT","LI_HEADER","LI Journal Header","AHC_LI_INS","FIN_IMPL","2019/02/25 09:10:10.0","LI Journal Header","C","Y","2019/02/25 09:10:14.368","82B5405674CF5C26E053C390DF0ADA0F","FIN_IMPL",""
"DEFAULT","LI_LINE","LI Journal Line","AHC_LI_INS","FIN_IMPL","2019/02/25 09:10:14.16","LI Journal Line","C","Y","2019/02/25 09:10:14.733","82B5405674CF5C26E053C390DF0ADA0F","FIN_IMPL",""
"DEFAULT","ENDOWMENT_LINE","Endowment Line","AHC_ENDOWMENT","FIN_IMPL","2018/10/11 11:32:08.805","Endowment Line Description","C","Y","2018/10/11 11:33:54.537","77F20EFFD1CB67FFE0537990DF0ADB76","FIN_IMPL",""
"DEFAULT","PAYMENT_LINE_DESC","Payment line information","AHC_BILLING","FIN_IMPL","2017/12/28 08:59:23.715","Payment line information","C","Y","2017/12/28 09:03:04.69","615CA35573826868E0536AA0FD0A112A","FIN_IMPL",""
"DEFAULT","ENDOWMENT_HEADER","Endowment Header","AHC_ENDOWMENT","FIN_IMPL","2018/10/11 10:25:06.0","Endowment Header Description Rule","C","Y","2018/10/11 11:27:25.029","77F20EFFD1CB67FFE0537990DF0ADB76","FIN_IMPL",""
"DEFAULT","INSURANCE_LINE","Insurance Line","AHC_INSURANCE","FIN_IMPL","2018/03/06 06:37:52.218","Insurance Line","C","Y","2018/03/06 06:38:46.53","66B8A4FCD0219AA4E053E9A7FD0A5DFE","FIN_IMPL",""
"DEFAULT","INSU_LINE_DAC_MPA","Insurance Line DAC Exp MPA","AHC_INSURANCE","FIN_IMPL","2018/03/06 06:38:46.635","Line description for Amortization of DAC from MPA","C","Y","2018/03/06 06:39:31.72","66B8A4FCD0219AA4E053E9A7FD0A5DFE","FIN_IMPL",""
"DEFAULT","BILLING_HEADER_BY_INDUSTRY","Billing Header by Industry","AHC_BILLING","FIN_IMPL","2020/11/19 06:14:53.0","","C","Y","2020/11/19 06:15:29.426","B46FC1C75B5D42C0E0539E90DF0AFE16","FIN_IMPL",""
"DEFAULT","EMR_HEADER_RULE","EMR Header Rule","AHC_EMR","FIN_IMPL","2020/06/04 05:53:49.769","","C","Y","2020/06/04 05:53:51.491","A72BCE560A653848E0539E90DF0AEF24","FIN_IMPL",""
"DEFAULT","BILLING_LINE_BY_INDUSTRY","Billing Line by Industry","AHC_BILLING","FIN_IMPL","2020/11/19 06:15:40.753","","C","Y","2020/11/19 06:17:18.968","B46FC1C75B5D42C0E0539E90DF0AFE16","FIN_IMPL",""
"DEFAULT","EMR_LINE_RULE","EMR Line Rule","AHC_EMR","FIN_IMPL","2020/06/04 05:53:48.0","","C","Y","2020/06/04 05:53:51.256","A72BCE560A653848E0539E90DF0AEF24","FIN_IMPL",""
"DEFAULT","CONCUR_EXP_LINE_DESC","Concur Expense Line Desc","AHC_EXT_ERP","anonymous","2021/05/25 16:11:29.686","Concur Expense Line Desc","C","Y","2021/05/25 16:11:32.268","C2E6C514770D8EF0E0532C60FD0A080A","anonymous",""
"DEFAULT","MANUAL_JE_LINE","Manual JE Line","AHC_EXT_ERP","anonymous","2021/05/25 16:11:30.349","Manual JE Line","C","Y","2021/05/25 16:11:32.91","C2E6C514770D8EF0E0532C60FD0A080A","anonymous",""
"DEFAULT","AP_INV_JE_LINE","AP Invoice Journal Line","AHC_EXT_ERP","anonymous","2021/05/25 16:11:28.522","AP Invoice Journal Line","C","Y","2021/05/25 16:11:31.536","C2E6C514770D8EF0E0532C60FD0A080A","anonymous",""
"DEFAULT","CONCUR_EXP_HEADER","Concur Expense Header","AHC_EXT_ERP","anonymous","2021/05/25 16:11:28.91","Concur Exp Header","C","Y","2021/05/25 16:11:31.813","C2E6C514770D8EF0E0532C60FD0A080A","anonymous",""
"DEFAULT","AP_INV_JE_HEADER","AP Invoice Journal Header","AHC_EXT_ERP","anonymous","2021/05/25 16:11:24.0","AP Invoice Journal Header","C","Y","2021/05/25 16:11:32.627","C2E6C514770D8EF0E0532C60FD0A080A","anonymous",""
"DEFAULT","MANUAL_JE_HEADER","Manual JE Header","AHC_EXT_ERP","anonymous","2021/05/25 16:11:29.893","Manual JE Header","C","Y","2021/05/25 16:11:32.321","C2E6C514770D8EF0E0532C60FD0A080A","anonymous",""
"DEFAULT","CONCUR_EXP_LINE","Concur Expense Line","AHC_EXT_ERP","anonymous","2021/05/25 16:11:29.288","Concur Expense Report Line","C","Y","2021/05/25 16:11:32.043","C2E6C514770D8EF0E0532C60FD0A080A","anonymous",""
